-- phpMyAdmin SQL Dump
-- version 4.1.14
-- http://www.phpmyadmin.net
--
-- Host: 127.0.0.1
-- Generation Time: Apr 19, 2018 at 08:50 AM
-- Server version: 5.6.17
-- PHP Version: 5.5.12

SET SQL_MODE = "NO_AUTO_VALUE_ON_ZERO";
SET time_zone = "+00:00";


/*!40101 SET @OLD_CHARACTER_SET_CLIENT=@@CHARACTER_SET_CLIENT */;
/*!40101 SET @OLD_CHARACTER_SET_RESULTS=@@CHARACTER_SET_RESULTS */;
/*!40101 SET @OLD_COLLATION_CONNECTION=@@COLLATION_CONNECTION */;
/*!40101 SET NAMES utf8 */;

--
-- Database: `adcp`
--

-- --------------------------------------------------------

--
-- Table structure for table `crime`
--

CREATE TABLE IF NOT EXISTS `crime` (
  `id` int(11) NOT NULL AUTO_INCREMENT,
  `victim_id` int(11) NOT NULL,
  `location_id` int(11) NOT NULL,
  `crime_type` varchar(30) NOT NULL,
  `ts` timestamp NOT NULL DEFAULT CURRENT_TIMESTAMP,
  PRIMARY KEY (`id`)
) ENGINE=InnoDB  DEFAULT CHARSET=latin1 AUTO_INCREMENT=3 ;

--
-- Dumping data for table `crime`
--

INSERT INTO `crime` (`id`, `victim_id`, `location_id`, `crime_type`, `ts`) VALUES
(1, 1, 2, '', '2018-04-10 23:01:30'),
(2, 5, 180, '', '2018-04-10 23:03:05');

-- --------------------------------------------------------

--
-- Table structure for table `drone_crime`
--

CREATE TABLE IF NOT EXISTS `drone_crime` (
  `id` int(10) NOT NULL AUTO_INCREMENT,
  `drone_id` varchar(10) NOT NULL,
  `crime_id` int(11) NOT NULL,
  `ts` timestamp NOT NULL DEFAULT CURRENT_TIMESTAMP,
  PRIMARY KEY (`id`)
) ENGINE=InnoDB DEFAULT CHARSET=latin1 AUTO_INCREMENT=1 ;

-- --------------------------------------------------------

--
-- Table structure for table `drone_info`
--

CREATE TABLE IF NOT EXISTS `drone_info` (
  `id` int(10) NOT NULL AUTO_INCREMENT,
  `drone_id` varchar(10) NOT NULL,
  `name` varchar(10) NOT NULL,
  `status` varchar(10) NOT NULL,
  `ts` timestamp NOT NULL DEFAULT CURRENT_TIMESTAMP,
  `location_id` int(10) NOT NULL,
  PRIMARY KEY (`id`),
  UNIQUE KEY `drone_id` (`drone_id`)
) ENGINE=InnoDB DEFAULT CHARSET=latin1 AUTO_INCREMENT=1 ;

-- --------------------------------------------------------

--
-- Table structure for table `drone_location`
--

CREATE TABLE IF NOT EXISTS `drone_location` (
  `id` int(11) NOT NULL AUTO_INCREMENT,
  `drone_id` varchar(10) NOT NULL,
  `crime_id` int(11) NOT NULL,
  `location_id` int(11) NOT NULL,
  `ts` timestamp NOT NULL DEFAULT CURRENT_TIMESTAMP,
  PRIMARY KEY (`id`)
) ENGINE=InnoDB DEFAULT CHARSET=latin1 AUTO_INCREMENT=1 ;

-- --------------------------------------------------------

--
-- Table structure for table `location`
--

CREATE TABLE IF NOT EXISTS `location` (
  `id` bigint(20) NOT NULL AUTO_INCREMENT,
  `latitude` varchar(20) NOT NULL,
  `longitude` varchar(20) NOT NULL,
  `crime_id` int(11) NOT NULL COMMENT 'Location of crime',
  `creation_ts` timestamp NOT NULL DEFAULT CURRENT_TIMESTAMP COMMENT 'current timestamp for ordering',
  `ts` timestamp NOT NULL DEFAULT CURRENT_TIMESTAMP,
  PRIMARY KEY (`id`)
) ENGINE=InnoDB  DEFAULT CHARSET=latin1 AUTO_INCREMENT=183 ;

--
-- Dumping data for table `location`
--

INSERT INTO `location` (`id`, `latitude`, `longitude`, `crime_id`, `creation_ts`, `ts`) VALUES
(1, '12', '352', 13, '2018-03-27 14:00:04', '2018-03-27 14:00:04'),
(2, '111', '222', 13, '2018-03-27 14:00:46', '2018-03-27 14:00:46'),
(3, '0.0', '0.0', 13, '2018-03-27 14:10:24', '2018-03-27 14:10:24'),
(4, '0.0', '0.0', 3, '2018-03-27 14:10:24', '2018-03-27 14:10:24'),
(5, '0.0', '0.0', 13, '2018-03-27 14:10:27', '2018-03-27 14:10:27'),
(6, '0.0', '0.0', 3, '2018-03-27 14:10:28', '2018-03-27 14:10:28'),
(7, '0.0', '0.0', 13, '2018-03-27 14:10:31', '2018-03-27 14:10:31'),
(8, '0.0', '0.0', 3, '2018-03-27 14:10:31', '2018-03-27 14:10:31'),
(9, '19.3071668', '72.7889612', 13, '2018-03-27 14:22:46', '2018-03-27 14:22:46'),
(10, '19.3071667', '72.7889616', 3, '2018-03-27 14:22:46', '2018-03-27 14:22:46'),
(11, '19.3071668', '72.7889632', 13, '2018-03-27 14:22:50', '2018-03-27 14:22:50'),
(12, '19.3071669', '72.7889641', 3, '2018-03-27 14:22:50', '2018-03-27 14:22:50'),
(13, '19.3071672', '72.7889658', 13, '2018-03-27 14:22:54', '2018-03-27 14:22:54'),
(14, '19.3071674', '72.7889667', 3, '2018-03-27 14:22:54', '2018-03-27 14:22:54'),
(15, '19.3071674', '72.7889684', 13, '2018-03-27 14:22:57', '2018-03-27 14:22:57'),
(16, '19.3071672', '72.7889688', 3, '2018-03-27 14:22:57', '2018-03-27 14:22:57'),
(17, '19.3071672', '72.788971', 13, '2018-03-27 14:23:01', '2018-03-27 14:23:01'),
(18, '19.3071672', '72.7889719', 3, '2018-03-27 14:23:01', '2018-03-27 14:23:01'),
(19, '19.3071664', '72.7889733', 13, '2018-03-27 14:23:05', '2018-03-27 14:23:05'),
(20, '19.3071661', '72.7889741', 3, '2018-03-27 14:23:05', '2018-03-27 14:23:05'),
(21, '19.3071654', '72.7889756', 13, '2018-03-27 14:23:09', '2018-03-27 14:23:09'),
(22, '19.3071649', '72.7889765', 3, '2018-03-27 14:23:09', '2018-03-27 14:23:09'),
(23, '19.3071641', '72.7889781', 13, '2018-03-27 14:23:12', '2018-03-27 14:23:12'),
(24, '19.307164', '72.7889783', 3, '2018-03-27 14:23:12', '2018-03-27 14:23:12'),
(25, '19.3071636', '72.78898', 13, '2018-03-27 14:23:15', '2018-03-27 14:23:15'),
(26, '19.3071634', '72.7889805', 3, '2018-03-27 14:23:16', '2018-03-27 14:23:16'),
(27, '19.307163', '72.7889821', 13, '2018-03-27 14:23:19', '2018-03-27 14:23:19'),
(28, '19.3071628', '72.788983', 3, '2018-03-27 14:23:19', '2018-03-27 14:23:19'),
(29, '19.3071625', '72.7889846', 13, '2018-03-27 14:23:23', '2018-03-27 14:23:23'),
(30, '19.3071624', '72.7889856', 3, '2018-03-27 14:23:24', '2018-03-27 14:23:24'),
(31, '19.3071627', '72.7889871', 13, '2018-03-27 14:23:27', '2018-03-27 14:23:27'),
(32, '19.3071631', '72.7889873', 3, '2018-03-27 14:23:27', '2018-03-27 14:23:27'),
(33, '19.3071642', '72.7889887', 13, '2018-03-27 14:23:37', '2018-03-27 14:23:37'),
(34, '19.3071653', '72.7889937', 3, '2018-03-27 14:23:37', '2018-03-27 14:23:37'),
(35, '19.3071668', '72.7889922', 13, '2018-03-27 14:23:40', '2018-03-27 14:23:40'),
(36, '19.307167', '72.7889917', 3, '2018-03-27 14:23:40', '2018-03-27 14:23:40'),
(37, '19.3071678', '72.7889895', 13, '2018-03-27 14:23:44', '2018-03-27 14:23:44'),
(38, '19.3071681', '72.7889886', 3, '2018-03-27 14:23:44', '2018-03-27 14:23:44'),
(39, '19.3071698', '72.7889874', 13, '2018-03-27 14:23:48', '2018-03-27 14:23:48'),
(40, '19.3071707', '72.7889868', 3, '2018-03-27 14:23:48', '2018-03-27 14:23:48'),
(41, '19.3071727', '72.7889861', 13, '2018-03-27 14:23:52', '2018-03-27 14:23:52'),
(42, '19.3071737', '72.7889858', 3, '2018-03-27 14:23:52', '2018-03-27 14:23:52'),
(43, '19.307176', '72.788985', 13, '2018-03-27 14:23:56', '2018-03-27 14:23:56'),
(44, '19.3071772', '72.7889846', 3, '2018-03-27 14:23:56', '2018-03-27 14:23:56'),
(45, '0.0', '0.0', 13, '2018-03-27 14:26:57', '2018-03-27 14:26:57'),
(46, '0.0', '0.0', 3, '2018-03-27 14:26:57', '2018-03-27 14:26:57'),
(47, '0.0', '0.0', 13, '2018-03-27 14:27:01', '2018-03-27 14:27:01'),
(48, '0.0', '0.0', 3, '2018-03-27 14:27:01', '2018-03-27 14:27:01'),
(49, '0.0', '0.0', 13, '2018-03-27 14:27:06', '2018-03-27 14:27:06'),
(50, '0.0', '0.0', 3, '2018-03-27 14:27:06', '2018-03-27 14:27:06'),
(51, '0.0', '0.0', 13, '2018-03-27 14:27:16', '2018-03-27 14:27:16'),
(52, '0.0', '0.0', 3, '2018-03-27 14:27:16', '2018-03-27 14:27:16'),
(53, '0.0', '0.0', 13, '2018-03-27 14:27:21', '2018-03-27 14:27:21'),
(54, '0.0', '0.0', 3, '2018-03-27 14:27:22', '2018-03-27 14:27:22'),
(55, '0.0', '0.0', 13, '2018-03-27 14:27:28', '2018-03-27 14:27:28'),
(56, '0.0', '0.0', 3, '2018-03-27 14:27:28', '2018-03-27 14:27:28'),
(57, '0.0', '0.0', 13, '2018-03-27 14:27:35', '2018-03-27 14:27:35'),
(58, '0.0', '0.0', 3, '2018-03-27 14:27:35', '2018-03-27 14:27:35'),
(59, '0.0', '0.0', 13, '2018-03-27 14:27:53', '2018-03-27 14:27:53'),
(60, '0.0', '0.0', 3, '2018-03-27 14:27:54', '2018-03-27 14:27:54'),
(61, '0.0', '0.0', 13, '2018-03-27 14:28:03', '2018-03-27 14:28:03'),
(62, '0.0', '0.0', 3, '2018-03-27 14:28:03', '2018-03-27 14:28:03'),
(63, '0.0', '0.0', 13, '2018-03-27 14:28:08', '2018-03-27 14:28:08'),
(64, '0.0', '0.0', 3, '2018-03-27 14:28:09', '2018-03-27 14:28:09'),
(65, '0.0', '0.0', 13, '2018-03-27 14:28:15', '2018-03-27 14:28:15'),
(66, '0.0', '0.0', 3, '2018-03-27 14:28:15', '2018-03-27 14:28:15'),
(67, '0.0', '0.0', 13, '2018-03-27 14:28:26', '2018-03-27 14:28:26'),
(68, '0.0', '0.0', 3, '2018-03-27 14:28:26', '2018-03-27 14:28:26'),
(69, '0.0', '0.0', 13, '2018-03-27 14:28:32', '2018-03-27 14:28:32'),
(70, '19.3063098', '72.7898383', 3, '2018-03-27 14:28:32', '2018-03-27 14:28:32'),
(71, '19.3068522', '72.7893904', 13, '2018-03-27 14:28:38', '2018-03-27 14:28:38'),
(72, '19.3073919', '72.788918', 3, '2018-03-27 14:28:39', '2018-03-27 14:28:39'),
(73, '19.3074472', '72.7888557', 13, '2018-03-27 14:28:48', '2018-03-27 14:28:48'),
(74, '19.3075719', '72.7888093', 3, '2018-03-27 14:28:48', '2018-03-27 14:28:48'),
(75, '19.3075703', '72.7887978', 13, '2018-03-27 14:28:55', '2018-03-27 14:28:55'),
(76, '19.3075324', '72.7887886', 3, '2018-03-27 14:28:55', '2018-03-27 14:28:55'),
(77, '19.3075266', '72.788797', 13, '2018-03-27 14:29:00', '2018-03-27 14:29:00'),
(78, '19.3075519', '72.7887875', 3, '2018-03-27 14:29:01', '2018-03-27 14:29:01'),
(79, '19.3075619', '72.7887908', 13, '2018-03-27 14:29:05', '2018-03-27 14:29:05'),
(80, '19.307539', '72.7887917', 3, '2018-03-27 14:29:06', '2018-03-27 14:29:06'),
(81, '19.3075527', '72.7887915', 13, '2018-03-27 14:29:24', '2018-03-27 14:29:24'),
(82, '19.3075285', '72.7887829', 3, '2018-03-27 14:29:24', '2018-03-27 14:29:24'),
(83, '19.3075143', '72.7887945', 13, '2018-03-27 14:30:08', '2018-03-27 14:30:08'),
(84, '19.3075658', '72.7887496', 3, '2018-03-27 14:30:08', '2018-03-27 14:30:08'),
(85, '19.3075719', '72.788745', 13, '2018-03-27 14:30:16', '2018-03-27 14:30:16'),
(86, '19.3075842', '72.7887363', 3, '2018-03-27 14:30:16', '2018-03-27 14:30:16'),
(87, '19.3075888', '72.7887337', 13, '2018-03-27 14:30:22', '2018-03-27 14:30:22'),
(88, '19.3075921', '72.7887328', 3, '2018-03-27 14:30:22', '2018-03-27 14:30:22'),
(89, '19.3075956', '72.7887307', 13, '2018-03-27 14:30:29', '2018-03-27 14:30:29'),
(90, '19.3076009', '72.7887283', 3, '2018-03-27 14:30:29', '2018-03-27 14:30:29'),
(91, '19.3076065', '72.7887247', 13, '2018-03-27 14:30:35', '2018-03-27 14:30:35'),
(92, '19.3076108', '72.7887214', 3, '2018-03-27 14:30:36', '2018-03-27 14:30:36'),
(93, '19.3076146', '72.7887176', 13, '2018-03-27 14:30:43', '2018-03-27 14:30:43'),
(94, '19.3076149', '72.7887163', 3, '2018-03-27 14:30:43', '2018-03-27 14:30:43'),
(95, '19.3076174', '72.7887143', 13, '2018-03-27 14:30:49', '2018-03-27 14:30:49'),
(96, '19.3076194', '72.7887129', 3, '2018-03-27 14:30:49', '2018-03-27 14:30:49'),
(97, '19.307619', '72.7887131', 13, '2018-03-27 14:30:54', '2018-03-27 14:30:54'),
(98, '19.307619', '72.7887128', 3, '2018-03-27 14:30:55', '2018-03-27 14:30:55'),
(99, '19.3076169', '72.7887141', 13, '2018-03-27 14:31:00', '2018-03-27 14:31:00'),
(100, '19.3076165', '72.7887146', 3, '2018-03-27 14:31:00', '2018-03-27 14:31:00'),
(101, '19.3076176', '72.7887135', 13, '2018-03-27 14:31:06', '2018-03-27 14:31:06'),
(102, '19.3076201', '72.7887108', 3, '2018-03-27 14:31:06', '2018-03-27 14:31:06'),
(103, '19.3076193', '72.7887104', 13, '2018-03-27 14:31:12', '2018-03-27 14:31:12'),
(104, '19.3076225', '72.788708', 3, '2018-03-27 14:31:13', '2018-03-27 14:31:13'),
(105, '19.3076248', '72.7887062', 13, '2018-03-27 14:31:19', '2018-03-27 14:31:19'),
(106, '19.3076228', '72.7887074', 3, '2018-03-27 14:31:19', '2018-03-27 14:31:19'),
(107, '19.3076222', '72.7887076', 13, '2018-03-27 14:31:24', '2018-03-27 14:31:24'),
(108, '19.3076226', '72.7887069', 3, '2018-03-27 14:31:24', '2018-03-27 14:31:24'),
(109, '19.3076237', '72.788706', 13, '2018-03-27 14:31:29', '2018-03-27 14:31:29'),
(110, '19.3076222', '72.7887061', 3, '2018-03-27 14:31:29', '2018-03-27 14:31:29'),
(111, '19.3076222', '72.788706', 13, '2018-03-27 14:31:34', '2018-03-27 14:31:34'),
(112, '19.3076227', '72.7887058', 3, '2018-03-27 14:31:34', '2018-03-27 14:31:34'),
(113, '19.3076228', '72.7887053', 13, '2018-03-27 14:31:38', '2018-03-27 14:31:38'),
(114, '19.3076222', '72.7887056', 3, '2018-03-27 14:31:38', '2018-03-27 14:31:38'),
(115, '19.3076213', '72.7887051', 13, '2018-03-27 14:31:43', '2018-03-27 14:31:43'),
(116, '19.3076199', '72.7887052', 3, '2018-03-27 14:31:44', '2018-03-27 14:31:44'),
(117, '19.3076194', '72.7887045', 13, '2018-03-27 14:31:47', '2018-03-27 14:31:47'),
(118, '19.307619', '72.7887047', 3, '2018-03-27 14:31:47', '2018-03-27 14:31:47'),
(119, '19.3076172', '72.7887055', 13, '2018-03-27 14:31:52', '2018-03-27 14:31:52'),
(120, '19.3076167', '72.7887052', 3, '2018-03-27 14:31:52', '2018-03-27 14:31:52'),
(121, '19.3076172', '72.7887046', 13, '2018-03-27 14:31:56', '2018-03-27 14:31:56'),
(122, '19.3076158', '72.7887048', 3, '2018-03-27 14:31:56', '2018-03-27 14:31:56'),
(123, '19.3076154', '72.7887045', 13, '2018-03-27 14:31:59', '2018-03-27 14:31:59'),
(124, '19.3076148', '72.788705', 3, '2018-03-27 14:32:00', '2018-03-27 14:32:00'),
(125, '19.307613', '72.7887057', 13, '2018-03-27 14:32:03', '2018-03-27 14:32:03'),
(126, '19.3076123', '72.7887061', 3, '2018-03-27 14:32:03', '2018-03-27 14:32:03'),
(127, '19.30761', '72.7887073', 13, '2018-03-27 14:32:07', '2018-03-27 14:32:07'),
(128, '19.3076092', '72.7887076', 3, '2018-03-27 14:32:07', '2018-03-27 14:32:07'),
(129, '19.3076063', '72.7887088', 13, '2018-03-27 14:32:11', '2018-03-27 14:32:11'),
(130, '19.3076045', '72.7887101', 3, '2018-03-27 14:32:11', '2018-03-27 14:32:11'),
(131, '19.307604', '72.7887096', 13, '2018-03-27 14:32:15', '2018-03-27 14:32:15'),
(132, '19.3076052', '72.7887084', 3, '2018-03-27 14:32:15', '2018-03-27 14:32:15'),
(133, '19.3076057', '72.7887068', 13, '2018-03-27 14:32:20', '2018-03-27 14:32:20'),
(134, '19.3076069', '72.7887062', 3, '2018-03-27 14:32:21', '2018-03-27 14:32:21'),
(135, '19.3074725', '72.7887996', 13, '2018-04-09 13:02:55', '2018-04-09 13:02:55'),
(136, '19.3074725', '72.7887996', 13, '2018-04-09 13:02:55', '2018-04-09 13:02:55'),
(137, '19.3074725', '72.7887996', 13, '2018-04-09 13:07:12', '2018-04-09 13:07:12'),
(138, '19.3074725', '72.7887996', 13, '2018-04-09 13:07:12', '2018-04-09 13:07:12'),
(139, '19.3074725', '72.7887996', 13, '2018-04-09 13:07:22', '2018-04-09 13:07:22'),
(140, '19.3074725', '72.7887996', 13, '2018-04-09 13:07:24', '2018-04-09 13:07:24'),
(141, '19.3074725', '72.7887996', 13, '2018-04-09 13:07:56', '2018-04-09 13:07:56'),
(142, '19.3074725', '72.7887996', 13, '2018-04-09 13:08:11', '2018-04-09 13:08:11'),
(143, '19.3074725', '72.7887996', 13, '2018-04-09 13:09:59', '2018-04-09 13:09:59'),
(144, '19.3074725', '72.7887996', 13, '2018-04-09 14:00:51', '2018-04-09 14:00:51'),
(145, '19.3074725', '72.7887996', 13, '2018-04-09 14:00:59', '2018-04-09 14:00:59'),
(146, '19.3074725', '72.7887996', 13, '2018-04-09 14:01:18', '2018-04-09 14:01:18'),
(147, '19.3074725', '72.7887996', 13, '2018-04-09 14:05:04', '2018-04-09 14:05:04'),
(148, '19.3074725', '72.7887996', 13, '2018-04-10 21:18:12', '2018-04-10 21:18:12'),
(149, '19.3074725', '72.7887996', 13, '2018-04-10 21:18:55', '2018-04-10 21:18:55'),
(150, '19.3074725', '72.7887996', 13, '2018-04-10 21:19:02', '2018-04-10 21:19:02'),
(151, '19.307472', '72.7887993', 13, '2018-04-10 21:19:48', '2018-04-10 21:19:48'),
(152, '19.3074721', '72.7887994', 13, '2018-04-10 21:19:49', '2018-04-10 21:19:49'),
(153, '19.3074723', '72.7887994', 13, '2018-04-10 21:20:02', '2018-04-10 21:20:02'),
(154, '19.3074723', '72.7887994', 13, '2018-04-10 21:20:34', '2018-04-10 21:20:34'),
(155, '19.3074723', '72.7887994', 13, '2018-04-10 21:20:36', '2018-04-10 21:20:36'),
(156, '19.3074725', '72.7887996', 13, '2018-04-10 21:21:04', '2018-04-10 21:21:04'),
(157, '19.3074725', '72.7887996', 13, '2018-04-10 21:36:54', '2018-04-10 21:36:54'),
(158, '19.3074725', '72.7887996', 13, '2018-04-10 21:37:33', '2018-04-10 21:37:33'),
(159, '20.860914', '71.2390365', 13, '2018-04-10 21:38:28', '2018-04-10 21:38:28'),
(160, '20.860914', '71.2390365', 13, '2018-04-10 21:38:55', '2018-04-10 21:38:55'),
(161, '19.3074725', '72.7887996', 13, '2018-04-10 21:39:01', '2018-04-10 21:39:01'),
(162, '19.3074725', '72.7887996', 13, '2018-04-10 21:39:07', '2018-04-10 21:39:07'),
(163, '19.3074725', '72.7887996', 13, '2018-04-10 21:39:08', '2018-04-10 21:39:08'),
(164, '19.3074725', '72.7887996', 13, '2018-04-10 21:39:08', '2018-04-10 21:39:08'),
(165, '19.3074725', '72.7887996', 13, '2018-04-10 21:39:10', '2018-04-10 21:39:10'),
(166, '19.3074725', '72.7887996', 13, '2018-04-10 21:39:10', '2018-04-10 21:39:10'),
(167, '19.3074725', '72.7887996', 13, '2018-04-10 21:39:13', '2018-04-10 21:39:13'),
(168, '19.3074725', '72.7887996', 13, '2018-04-10 21:39:39', '2018-04-10 21:39:39'),
(169, '19.3074725', '72.7887996', 13, '2018-04-10 21:39:40', '2018-04-10 21:39:40'),
(170, '19.3074725', '72.7887996', 13, '2018-04-10 21:48:32', '2018-04-10 21:48:32'),
(171, '19.3074725', '72.7887996', 13, '2018-04-10 21:51:36', '2018-04-10 21:51:36'),
(172, '19.3074725', '72.7887996', 13, '2018-04-10 21:53:01', '2018-04-10 21:53:01'),
(173, '19.3074725', '72.7887996', 13, '2018-04-10 21:55:22', '2018-04-10 21:55:22'),
(174, '19.3074725', '72.7887996', 13, '2018-04-10 21:57:47', '2018-04-10 21:57:47'),
(175, '19.3074725', '72.7887996', 13, '2018-04-10 22:03:10', '2018-04-10 22:03:10'),
(176, '19.3074725', '72.7887996', 13, '2018-04-10 22:48:33', '2018-04-10 22:48:33'),
(177, '19.3074725', '72.7887996', 13, '2018-04-10 22:48:48', '2018-04-10 22:48:48'),
(178, '19.3074725', '72.7887996', 13, '2018-04-10 22:48:48', '2018-04-10 22:48:48'),
(179, '19.3074725', '72.7887996', 13, '2018-04-10 23:02:00', '2018-04-10 23:02:00'),
(180, '19.3074725', '72.7887996', 13, '2018-04-10 23:02:59', '2018-04-10 23:02:59'),
(181, '19.3074725', '72.7887996', 13, '2018-04-10 23:03:05', '2018-04-10 23:03:05'),
(182, '19.3074725', '72.7887996', 13, '2018-04-10 23:03:05', '2018-04-10 23:03:05');

-- --------------------------------------------------------

--
-- Table structure for table `proof`
--

CREATE TABLE IF NOT EXISTS `proof` (
  `id` int(11) NOT NULL AUTO_INCREMENT,
  `path` varchar(128) NOT NULL,
  `crime_id` int(11) NOT NULL,
  `location_id` int(11) NOT NULL,
  `ts` timestamp NOT NULL DEFAULT CURRENT_TIMESTAMP,
  PRIMARY KEY (`id`)
) ENGINE=InnoDB  DEFAULT CHARSET=latin1 AUTO_INCREMENT=226 ;

--
-- Dumping data for table `proof`
--

INSERT INTO `proof` (`id`, `path`, `crime_id`, `location_id`, `ts`) VALUES
(141, 'assets/img/droneImg/13/1522155770image1.jpg', 13, 152, '2018-03-27 13:02:50'),
(142, 'assets/img/droneImg/13/1522155773image1.jpg', 13, 153, '2018-03-27 13:02:53'),
(143, 'assets/img/droneImg/13/1522155776image1.jpg', 13, 154, '2018-03-27 13:02:56'),
(144, 'assets/img/droneImg/13/1522155779image1.jpg', 13, 155, '2018-03-27 13:02:59'),
(145, 'assets/img/droneImg/13/1522155782image1.jpg', 13, 156, '2018-03-27 13:03:02'),
(146, 'assets/img/droneImg/13/1522155784image1.jpg', 13, 157, '2018-03-27 13:03:05'),
(147, 'assets/img/droneImg/13/1522155787image1.jpg', 13, 158, '2018-03-27 13:03:07'),
(148, 'assets/img/droneImg/13/1522155790image1.jpg', 13, 159, '2018-03-27 13:03:10'),
(149, 'assets/img/droneImg/13/1522155793image1.jpg', 13, 160, '2018-03-27 13:03:13'),
(150, 'assets/img/droneImg/13/1522155797image1.jpg', 13, 161, '2018-03-27 13:03:17'),
(151, 'assets/img/droneImg/13/1522155799image1.jpg', 13, 162, '2018-03-27 13:03:19'),
(152, 'assets/img/droneImg/13/1522155802image1.jpg', 13, 163, '2018-03-27 13:03:22'),
(153, 'assets/img/droneImg/13/1522155806image1.jpg', 13, 164, '2018-03-27 13:03:26'),
(154, 'assets/img/droneImg/13/1522155809image1.jpg', 13, 165, '2018-03-27 13:03:30'),
(155, 'assets/img/droneImg/13/1522155813image1.jpg', 13, 166, '2018-03-27 13:03:33'),
(156, 'assets/img/droneImg/13/1522155817image1.jpg', 13, 167, '2018-03-27 13:03:37'),
(157, 'assets/img/droneImg/13/1522155819image1.jpg', 13, 168, '2018-03-27 13:03:40'),
(158, 'assets/img/droneImg/13/1522155823image1.jpg', 13, 169, '2018-03-27 13:03:43'),
(159, 'assets/img/droneImg/13/1522155826image1.jpg', 13, 170, '2018-03-27 13:03:46'),
(160, 'assets/img/droneImg/13/1522159824image1.jpg', 13, 3, '2018-03-27 14:10:24'),
(161, 'assets/img/droneImg/13/1522159827image1.jpg', 13, 5, '2018-03-27 14:10:27'),
(162, 'assets/img/droneImg/13/1522159831image1.jpg', 13, 7, '2018-03-27 14:10:31'),
(163, 'assets/img/droneImg/13/1522160566image1.jpg', 13, 9, '2018-03-27 14:22:46'),
(164, 'assets/img/droneImg/13/1522160570image1.jpg', 13, 11, '2018-03-27 14:22:50'),
(165, 'assets/img/droneImg/13/1522160574image1.jpg', 13, 13, '2018-03-27 14:22:54'),
(166, 'assets/img/droneImg/13/1522160577image1.jpg', 13, 15, '2018-03-27 14:22:57'),
(167, 'assets/img/droneImg/13/1522160581image1.jpg', 13, 17, '2018-03-27 14:23:01'),
(168, 'assets/img/droneImg/13/1522160585image1.jpg', 13, 19, '2018-03-27 14:23:05'),
(169, 'assets/img/droneImg/13/1522160589image1.jpg', 13, 21, '2018-03-27 14:23:09'),
(170, 'assets/img/droneImg/13/1522160592image1.jpg', 13, 23, '2018-03-27 14:23:12'),
(171, 'assets/img/droneImg/13/1522160595image1.jpg', 13, 25, '2018-03-27 14:23:15'),
(172, 'assets/img/droneImg/13/1522160599image1.jpg', 13, 27, '2018-03-27 14:23:19'),
(173, 'assets/img/droneImg/13/1522160603image1.jpg', 13, 29, '2018-03-27 14:23:23'),
(174, 'assets/img/droneImg/13/1522160607image1.jpg', 13, 31, '2018-03-27 14:23:27'),
(175, 'assets/img/droneImg/13/1522160617image1.jpg', 13, 33, '2018-03-27 14:23:37'),
(176, 'assets/img/droneImg/13/1522160620image1.jpg', 13, 35, '2018-03-27 14:23:40'),
(177, 'assets/img/droneImg/13/1522160624image1.jpg', 13, 37, '2018-03-27 14:23:44'),
(178, 'assets/img/droneImg/13/1522160628image1.jpg', 13, 39, '2018-03-27 14:23:48'),
(179, 'assets/img/droneImg/13/1522160632image1.jpg', 13, 41, '2018-03-27 14:23:52'),
(180, 'assets/img/droneImg/13/1522160636image1.jpg', 13, 43, '2018-03-27 14:23:56'),
(181, 'assets/img/droneImg/13/1522160817image1.jpg', 13, 45, '2018-03-27 14:26:57'),
(182, 'assets/img/droneImg/13/1522160821image1.jpg', 13, 47, '2018-03-27 14:27:01'),
(183, 'assets/img/droneImg/13/1522160826image1.jpg', 13, 49, '2018-03-27 14:27:06'),
(184, 'assets/img/droneImg/13/1522160836image1.jpg', 13, 51, '2018-03-27 14:27:16'),
(185, 'assets/img/droneImg/13/1522160841image1.jpg', 13, 53, '2018-03-27 14:27:21'),
(186, 'assets/img/droneImg/13/1522160848image1.jpg', 13, 55, '2018-03-27 14:27:28'),
(187, 'assets/img/droneImg/13/1522160855image1.jpg', 13, 57, '2018-03-27 14:27:35'),
(188, 'assets/img/droneImg/13/1522160873image1.jpg', 13, 59, '2018-03-27 14:27:54'),
(189, 'assets/img/droneImg/13/1522160883image1.jpg', 13, 61, '2018-03-27 14:28:03'),
(190, 'assets/img/droneImg/13/1522160888image1.jpg', 13, 63, '2018-03-27 14:28:08'),
(191, 'assets/img/droneImg/13/1522160895image1.jpg', 13, 65, '2018-03-27 14:28:15'),
(192, 'assets/img/droneImg/13/1522160906image1.jpg', 13, 67, '2018-03-27 14:28:26'),
(193, 'assets/img/droneImg/13/1522160912image1.jpg', 13, 69, '2018-03-27 14:28:32'),
(194, 'assets/img/droneImg/13/1522160918image1.jpg', 13, 71, '2018-03-27 14:28:39'),
(195, 'assets/img/droneImg/13/1522160928image1.jpg', 13, 73, '2018-03-27 14:28:48'),
(196, 'assets/img/droneImg/13/1522160935image1.jpg', 13, 75, '2018-03-27 14:28:55'),
(197, 'assets/img/droneImg/13/1522160940image1.jpg', 13, 77, '2018-03-27 14:29:01'),
(198, 'assets/img/droneImg/13/1522160945image1.jpg', 13, 79, '2018-03-27 14:29:05'),
(199, 'assets/img/droneImg/13/1522160964image1.jpg', 13, 81, '2018-03-27 14:29:24'),
(200, 'assets/img/droneImg/13/1522161008image1.jpg', 13, 83, '2018-03-27 14:30:08'),
(201, 'assets/img/droneImg/13/1522161016image1.jpg', 13, 85, '2018-03-27 14:30:16'),
(202, 'assets/img/droneImg/13/1522161022image1.jpg', 13, 87, '2018-03-27 14:30:22'),
(203, 'assets/img/droneImg/13/1522161029image1.jpg', 13, 89, '2018-03-27 14:30:29'),
(204, 'assets/img/droneImg/13/1522161035image1.jpg', 13, 91, '2018-03-27 14:30:36'),
(205, 'assets/img/droneImg/13/1522161043image1.jpg', 13, 93, '2018-03-27 14:30:43'),
(206, 'assets/img/droneImg/13/1522161049image1.jpg', 13, 95, '2018-03-27 14:30:49'),
(207, 'assets/img/droneImg/13/1522161054image1.jpg', 13, 97, '2018-03-27 14:30:54'),
(208, 'assets/img/droneImg/13/1522161060image1.jpg', 13, 99, '2018-03-27 14:31:00'),
(209, 'assets/img/droneImg/13/1522161066image1.jpg', 13, 101, '2018-03-27 14:31:06'),
(210, 'assets/img/droneImg/13/1522161072image1.jpg', 13, 103, '2018-03-27 14:31:12'),
(211, 'assets/img/droneImg/13/1522161079image1.jpg', 13, 105, '2018-03-27 14:31:19'),
(212, 'assets/img/droneImg/13/1522161084image1.jpg', 13, 107, '2018-03-27 14:31:24'),
(213, 'assets/img/droneImg/13/1522161089image1.jpg', 13, 109, '2018-03-27 14:31:29'),
(214, 'assets/img/droneImg/13/1522161094image1.jpg', 13, 111, '2018-03-27 14:31:34'),
(215, 'assets/img/droneImg/13/1522161098image1.jpg', 13, 113, '2018-03-27 14:31:38'),
(216, 'assets/img/droneImg/13/1522161103image1.jpg', 13, 115, '2018-03-27 14:31:43'),
(217, 'assets/img/droneImg/13/1522161107image1.jpg', 13, 117, '2018-03-27 14:31:47'),
(218, 'assets/img/droneImg/13/1522161112image1.jpg', 13, 119, '2018-03-27 14:31:52'),
(219, 'assets/img/droneImg/13/1522161116image1.jpg', 13, 121, '2018-03-27 14:31:56'),
(220, 'assets/img/droneImg/13/1522161119image1.jpg', 13, 123, '2018-03-27 14:32:00'),
(221, 'assets/img/droneImg/13/1522161123image1.jpg', 13, 125, '2018-03-27 14:32:03'),
(222, 'assets/img/droneImg/13/1522161127image1.jpg', 13, 127, '2018-03-27 14:32:07'),
(223, 'assets/img/droneImg/13/1522161131image1.jpg', 13, 129, '2018-03-27 14:32:11'),
(224, 'assets/img/droneImg/13/1522161135image1.jpg', 13, 131, '2018-03-27 14:32:15'),
(225, 'assets/img/droneImg/13/1522161140image1.jpg', 13, 133, '2018-03-27 14:32:20');

-- --------------------------------------------------------

--
-- Table structure for table `pstation`
--

CREATE TABLE IF NOT EXISTS `pstation` (
  `id` bigint(20) NOT NULL AUTO_INCREMENT COMMENT 'This is used to represent unique police station',
  `address` varchar(256) NOT NULL COMMENT 'Police station address',
  `pincode` varchar(6) NOT NULL COMMENT 'Police station Pincode',
  `contact` varchar(15) NOT NULL COMMENT 'Contact number of police station',
  `location` bigint(20) NOT NULL COMMENT 'Location of police station',
  `ps_number` varchar(20) NOT NULL,
  `password` varchar(20) NOT NULL,
  PRIMARY KEY (`id`),
  UNIQUE KEY `ps_number` (`ps_number`)
) ENGINE=InnoDB  DEFAULT CHARSET=latin1 COMMENT='This table is use to store all details belonging to police station' AUTO_INCREMENT=2 ;

--
-- Dumping data for table `pstation`
--

INSERT INTO `pstation` (`id`, `address`, `pincode`, `contact`, `location`, `ps_number`, `password`) VALUES
(1, 'Navaghar Police Station', '401105', '02235687459', 1, 'BHY001', '123456');

-- --------------------------------------------------------

--
-- Table structure for table `victim`
--

CREATE TABLE IF NOT EXISTS `victim` (
  `id` double NOT NULL AUTO_INCREMENT COMMENT 'It represent unique Victim',
  `fname` varchar(64) NOT NULL COMMENT 'Victim''s first name',
  `mname` varchar(64) NOT NULL COMMENT 'Victim''s middle name',
  `lname` varchar(64) NOT NULL COMMENT 'Victim''s last name',
  `mobile_no` varchar(10) NOT NULL COMMENT 'Victim''s primary mobile number',
  `emergency_no` varchar(10) NOT NULL COMMENT 'Victim''s secondary mobile number (One of family member) ',
  `address` varchar(256) NOT NULL COMMENT 'Victim''s address',
  `aadhar` varchar(12) NOT NULL COMMENT 'Victim''s aadhar number',
  `email` varchar(128) NOT NULL COMMENT 'Victim''s email id for verification',
  `pincode` varchar(6) NOT NULL COMMENT 'Pincode use to alert the police station within that area',
  `phone3` varchar(10) NOT NULL COMMENT 'Victim''s secondary mobile number (One of family member) ',
  `password` varchar(64) NOT NULL,
  PRIMARY KEY (`id`),
  UNIQUE KEY `email` (`email`)
) ENGINE=InnoDB  DEFAULT CHARSET=latin1 AUTO_INCREMENT=9 ;

--
-- Dumping data for table `victim`
--

INSERT INTO `victim` (`id`, `fname`, `mname`, `lname`, `mobile_no`, `emergency_no`, `address`, `aadhar`, `email`, `pincode`, `phone3`, `password`) VALUES
(5, 'akshay', '', 'mane', '9619249577', '9869104122', '', '', 'mane.akshay1997@gmail.com', '', '', '123456'),
(8, 'Ruhi', '', 'Gujar', '9168807496', '9619249577', '', '', 'gujarruhi@gmail.com', '', '', 'ruhi123');

-- --------------------------------------------------------

--
-- Table structure for table `victim_location`
--

CREATE TABLE IF NOT EXISTS `victim_location` (
  `id` int(11) NOT NULL AUTO_INCREMENT,
  `victim_id` int(11) NOT NULL,
  `crime_id` int(11) NOT NULL,
  `location_id` int(11) NOT NULL,
  `ts` timestamp NOT NULL DEFAULT CURRENT_TIMESTAMP,
  PRIMARY KEY (`id`)
) ENGINE=InnoDB DEFAULT CHARSET=latin1 AUTO_INCREMENT=1 ;

/*!40101 SET CHARACTER_SET_CLIENT=@OLD_CHARACTER_SET_CLIENT */;
/*!40101 SET CHARACTER_SET_RESULTS=@OLD_CHARACTER_SET_RESULTS */;
/*!40101 SET COLLATION_CONNECTION=@OLD_COLLATION_CONNECTION */;
